{
    "timestamp": 1747429000.8145094,
    "data": "{\"columns\":[\"ProductCode\",\"Product Name\",\"USD Cost\"],\"index\":[0,1,2,3,4,5,6,7,8,9,10,11,12,13,14,15,16,17,18,19,20,21,22,23,24,25,26,27,28,29,30,31,32,33,34,35,36,37,38,39,40,41,42,43,44,45,46,47,48,49,50,51,52,53,54,55,56,57,58,59,60,61,62,63,64,65,66,67,68,69,70],\"data\":[[\"049CPC\",\"AutoTrac for GS2 Displays (1800\\/2600)\",2695.0],[\"049DPC\",\"AutoTrac for GS3 Displays (2630)\",2695.0],[\"049EPC\",\"AutoTrac SF1 to SF2 Upgrade GS2 (1800\\/2600)\",192.5],[\"049FPC\",\"AutoTrac SF1 to SF2 Upgrade GS3 (2630)\",192.5],[\"049GPC\",\"4600 - AutoTrac\",770.0],[\"049MPC\",\"4600 - Premium 3.0 (Data Sharing)\",2887.5],[\"049NPC\",\"4600 - AutoTrac to Premium 3.0\",2117.5],[\"049PPC\",\"4600 - Premium 1.0 to Premium 3.0\",577.5],[\"049QPC\",\"4600 - Premium 2.0 to Premium 3.0\",192.5],[\"049YPC\",\"4600 - Automation 3.0\",4042.5],[\"049ZPC\",\"4600 - AutoTrac to Automation 3.0\",3272.5],[\"04A0PC\",\"4600 - Premium 1.0 to Automation 3.0\",1732.5],[\"04A1PC\",\"4600 - Premium 2.0 to Automation 3.0\",1347.5],[\"04A2PC\",\"4600 - Premium 3.0 to Automation 3.0\",1155.0],[\"049IPC\",\"4600 - AutoTrac to  Premium Upgrade\",1540.0],[\"049WPC\",\"4640 Universal AutoTrac Activation (For use on a 4640 Universal Display\\n without Gen 4 AutoTrac in base)\",3080.0],[\"0231PC\",\"Active Implement Guidance Activation\",2695.0],[\"0260PC\",\"Non-John Deere Guidance Compatibility Activation\",192.5],[\"0350PC\",\"ITEC PRO Activation - GS2\",1925.0],[\"0351PC\",\"ITEC PRO Activation - GS3\",1925.0],[\"0050PC\",\"John Deere Machine Sync Activation GS3\",1151.15],[\"0372PC\",\"Tractor Automation Activation - Machine Sync\",192.5],[\"0370PC\",\"Tractor Automation Activation - Round Baler\",77.0],[\"0031PC\",\"John Deere Active Fill Control for SPFH\",7364.28],[\"0484PC\",\"Surface Water Pro Upgrade to Surface Water Pro Plus Activation - GS2\",1155.0],[\"0485PC\",\"Surface Water Pro upgrade to Surface Water Pro Plus Activation - GS3\",1155.0],[\"0481PC\",\"Surface Water Pro Plus Activation - GS2\",2498.65],[\"0483PC\",\"Surface Water Pro Plus Activation - GS3\",2498.65],[\"0311PC\",\"iGrade Activation\",3080.0],[\"0312PC\",\"John Deere Distance Trip Activation\",577.5],[\"0530PC\",\"Swath Pro Activation - GS2\",2310.0],[\"0534PC\",\"Section Control Activation - GS3\",2310.0],[\"04D6PC\",\"G5 Universal AutoTrac License\",2310.0],[\"04D7PC\",\"G5 Universal Section Control License\",1540.0],[\"04DAPC\",\"G5 Universal AutoTrac & Section Control License\",3850.0],[6208,\"4640 Premium 3.0 Subscription - 1 year  (Section Control & Data Sharing)\",654.5],[6220,\"4240 Section Control Subscription - 1 Year\",462.0],[6211,\"4640 Automation 4.0 Subscription - 1 year (Section Control, Data Sharing & Machine Sync)\",1039.5],[\"090APC\",\"SF1 to SF2 Ready Upgrade Activation - StarFire 3000 Receiver\",3080.0],[\"090EPC\",\"SF1 to SF3 Ready Upgrade - Starfire 6000\",3080.0],[\"7307PC\",\"StarFire 6000 RTK Ready Activation (need SF3 Ready Receiver)\",2695.0],[\"090FPC\",\"StarFire iTC to StarFire 6000 Activation Transfer\",539.0],[\"090GPC\",\"StarFire 3000 to StarFire 6000 Activation Transfer\",269.5],[\"7305PC\",\"StarFire 3000 RTK Activation\",2695.0],[\"0909PC\",\"StarFire iTC to StarFire 3000 Upgrade - Receiver Activations\",269.5],[\"0291PC\",\"John Deere Mobile Farm Manager\",431.2],[\"0241PC\",\"AMS Customer Contact Center Subscription, NMQR Qualified (Phase 4)\",129.0],[\"0601PC\",\"John Deere Documentation Basics - 1800 Display\",150.15],[\"04C0PC\",\"G5 Universal Display\",2691.15],[\"04C1PC\",\"G5Plus Universal Display\",7465.15],[\"04C3PC\",\"G5Plus Extended Monitor\",1305.15],[\"070FPC\",\"4640 UNIVERSAL DISPLAY - 10.1\\\" (with permanent AutoTrac Activation & Doc)\",6541.15],[\"0710PC\",\"4240 UNIVERSAL DISPLAY - 8.4\\\" (with permanent AutoTrac Activation & Doc)\",4231.15],[3199,\"4240 Universal Display (less AutoTrac Activation)\",1921.15],[\"072EPC\",\"GEN 4 EXTENDED MONITOR (bracket & Harness Incl - code to specify)\",1155.0],[\"0813PC\",\"Gen 4 - 4600 Server 2.0   (Upgrade)\",654.5],[\"0812PC\",\"Upgrade Kit from 4100 to 4600 processor\",3126.2],[\"0706PC\",\"GREENSTAR 3 DISPLAY 2630\",4539.15],[\"1040PC\",\"STARFIRE 7500 Universal with SF1 (base)\",3311.0],[2021,\"STARFIRE 7500 with SF\\/RTK 1 year license\",4466.0],[2023,\"STARFIRE 7500 with RTK Permanent License (factory order)\",5775.0],[\"1111PC\",\"PERMANENT RTK LICENCE FOR INTEGRATED SF7500\",4235.0],[\"1021PC\",\"PERMANENT RTK LICENCE FOR INTEGRATED SF7000\",4235.0],[\"0908PC\",\"STARFIRE 6000 - SF1 READY\",2999.15],[\"0908PC\",\"STARFIRE 6000 - SF3 READY\",6079.15],[\"2250PC\",\"AUTO TRAC UNIVERSAL 300\",1305.15],[\"0580PC\",\"AUTOTRAC CONTROLLER 250  (NEW)\",2579.5],[\"052RPC\",\"AUTOTRAC CONTROLLER - RAVEN\",1809.5],[\"052TPC\",\"AUTOTRAC CONTROLLER - REICHHARDT\",3888.5],[\"0330PC\",\"GREENSTAR RATE CONTROLLER\",1228.15],[\"0338PC\",\"GREENSTAR RATE CONTROLLER 2000\",1969.54]]}"
}