{
    "timestamp": 1747429000.8523204,
    "data": "{\"columns\":[\"Equipment\",\"Stock Number\",\"Serial #\",\"ProductCode\",\"Column1\",\"Column2\"],\"index\":[0,1,2,3,4,5,6,7,8,9,10,11,12,13],\"data\":[[\"4240 UNIVERSAL DISPLAY\",\"C015989\",\"PCGUMUA003412\",\"0710PC\",null,null],[\"EcoD3\",\"C016342\",1208784,\"AMS MISC\",null,null],[\"G5 UNIVERSAL DISPLAY\",\"283606A\",\"PCG5MUB133494\",\"04C0PC\",null,null],[\"GEN4 EXTENDED MONITOR\",\"C016676\",\"PCG410A058400\",\"072EPC\",null,null],[\"GEN4 EXTENDED MONITOR\",\"C016677\",\"PCG410A059642\",\"072EPC\",null,null],[\"iGrade Kit\",\"C016774\",\"PCSRA4A634349\",\"AMS MISC\",null,null],[\"G5 UNIVERSAL AUTOTRAC ACT\",\"C016880\",\"PCG5MUB135319\",\"04D6PC\",null,null],[\"G5 UNIVERSAL AUTOTRAC ACT\",\"C016881\",\"PCG5MUB131709\",\"04D6PC\",null,null],[\"G5 UNIVERSAL SECTION CONTROL\",\"C016882\",\"PCG5MUB131709\",\"04D7PC\",null,null],[\"G5 UNIVERSAL SECTION CONTROL\",\"C016883\",\"PCG5MUB135319\",\"04D7PC\",null,null],[\"4600 SERVER UPGRADE KIT\",\"C017695\",\"PCGUPSB936741\",\"0814PC\",null,null],[\"GREENSTAR 2630 DISPLAY\",\"C018048\",\"PCGU2UG580785\",\"0706PC\",null,null],[\"GREENSTAR 2630 DISPLAY\",\"C018156\",\"TK\",\"0706PC\",null,null],[\"4240 Universal Display with AT\",\"C018202\",\"PCGUMUA013692\",\"0710PC\",null,null]]}"
}