[
    {
        "timestamp": "2025-05-09T11:18:47.178328",
        "customer_name": "GLEN BULLEE",
        "salesperson": "Scott Morley",
        "equipment": [
            "\"4640 Universal Display\" (Code: 070FPC) STK#256801 $8,250.00"
        ],
        "trades": [],
        "parts": [
            "1x DB5-4640 Display bracket adapter Killam 256801"
        ],
        "work_order_required": false,
        "work_order_charge_to": "",
        "work_order_hours": "",
        "multi_line_csv": false,
        "paid": false,
        "part_location_index": 2,
        "last_charge_to": "256801"
    },
    {
        "timestamp": "2025-05-09T10:44:45.131196",
        "customer_name": "MRM CONTRACTING",
        "salesperson": "Gordon Paulgaard",
        "equipment": [
            "\"Precision Essentials Kit - G5Plus Universal\" (Code: 9503PC) STK#258335 $6,200.00"
        ],
        "trades": [
            "\"Starfire 3000 Receiver\" STK#280764 $2,000.00"
        ],
        "parts": [],
        "work_order_required": false,
        "work_order_charge_to": "",
        "work_order_hours": "",
        "multi_line_csv": true,
        "paid": false,
        "part_location_index": 0,
        "last_charge_to": "258335"
    },
    {
        "timestamp": "2025-05-07T23:02:16.365061",
        "customer_name": "A & C AXLEY & SONS",
        "salesperson": "Scott Morley",
        "equipment": [
            "\"test\" (Code: ) STK#1 $1.00",
            "\"test\" (Code: ) STK#2 $2.00",
            "\"test\" (Code: ) STK#3 $3.00"
        ],
        "trades": [
            "\"trade\" STK#1 $1.00",
            "\"trade2\" STK#2 $2.00"
        ],
        "parts": [
            "1x tradepart 2 Provost 2"
        ],
        "work_order_required": true,
        "work_order_charge_to": "1",
        "work_order_hours": "1",
        "multi_line_csv": true,
        "paid": false,
        "part_location_index": 4,
        "last_charge_to": "1"
    },
    {
        "timestamp": "2025-05-06T12:59:33.880136",
        "customer_name": "RANDALL LEWIS",
        "salesperson": "Martin Singer",
        "equipment": [
            "\"Gen 4 Extended Monitor\" (Code: 072EPC) STK#c017693 $1,100.00"
        ],
        "trades": [],
        "parts": [],
        "work_order_required": false,
        "work_order_charge_to": "",
        "work_order_hours": "",
        "multi_line_csv": false,
        "paid": false,
        "part_location_index": 0,
        "last_charge_to": "c017693"
    },
    {
        "timestamp": "2025-05-06T11:40:55.837542",
        "customer_name": "KELROS FARMS LTD",
        "salesperson": "Scott Morley",
        "equipment": [
            "\"SF3 Sub\" (Code: ) STK#c018199 $1,200.00"
        ],
        "trades": [],
        "parts": [],
        "work_order_required": false,
        "work_order_charge_to": "",
        "work_order_hours": "",
        "multi_line_csv": false,
        "paid": false,
        "part_location_index": 0,
        "last_charge_to": "c018199"
    },
    {
        "timestamp": "2025-05-06T11:39:24.442138",
        "customer_name": "GREENBELT FARMS",
        "salesperson": "Scott Morley",
        "equipment": [
            "\"SF3 Subs\" (Code: ) STK#c018196 $1,200.00",
            "\"SF3 Sub\" (Code: ) STK#c018197 $1,200.00",
            "\"SF3 Sub\" (Code: ) STK#c018198 $1,200.00"
        ],
        "trades": [],
        "parts": [],
        "work_order_required": false,
        "work_order_charge_to": "",
        "work_order_hours": "",
        "multi_line_csv": false,
        "paid": false,
        "part_location_index": 4,
        "last_charge_to": "c018196"
    },
    {
        "timestamp": "2025-05-06T11:37:44.142173",
        "customer_name": "A-1 CUSTOM APPLICATORS",
        "salesperson": "Scott Morley",
        "equipment": [
            "\"SF3 Sub\" (Code: ) STK#c018195 $1,200.00"
        ],
        "trades": [],
        "parts": [],
        "work_order_required": false,
        "work_order_charge_to": "",
        "work_order_hours": "",
        "multi_line_csv": false,
        "paid": false,
        "part_location_index": 0,
        "last_charge_to": "c018195"
    },
    {
        "timestamp": "2025-05-06T11:35:57.376476",
        "customer_name": "NORGAARD FARMS LTD",
        "salesperson": "Jesse Larson",
        "equipment": [
            "\"SF3 Sub\" (Code: ) STK#c018194 $900.00"
        ],
        "trades": [],
        "parts": [],
        "work_order_required": false,
        "work_order_charge_to": "",
        "work_order_hours": "",
        "multi_line_csv": false,
        "paid": false,
        "part_location_index": 4,
        "last_charge_to": "c018194"
    },
    {
        "timestamp": "2025-05-06T11:32:39.603559",
        "customer_name": "MACKAY AGRI VENTURES",
        "salesperson": "Jesse Larson",
        "equipment": [
            "\"4640 Premium 1 Year\" (Code: ) STK#c018200 $1,200.00"
        ],
        "trades": [],
        "parts": [],
        "work_order_required": false,
        "work_order_charge_to": "",
        "work_order_hours": "",
        "multi_line_csv": false,
        "paid": false,
        "part_location_index": 4,
        "last_charge_to": "c018200"
    },
    {
        "timestamp": "2025-05-06T11:31:19.318811",
        "customer_name": "MACKAY AGRI VENTURES",
        "salesperson": "Jesse Larson",
        "equipment": [
            "\"4640 Premium 1 Year\" (Code: ) STK#c018193 $1,200.00"
        ],
        "trades": [],
        "parts": [],
        "work_order_required": false,
        "work_order_charge_to": "",
        "work_order_hours": "",
        "multi_line_csv": false,
        "paid": false,
        "part_location_index": 0,
        "last_charge_to": "c018193"
    }
]